title,price,discount
Enlightenment: A New Beginning,231,-8%
The Psychology of Money,313,-22%
Own Your Body,322,-35%
White Nights,124,No discount
World’s Greatest Books For Personal Growth & Wealth (Set of 4 Books) : Perfect Motivational Gift Set,349,-50%
Animals Tales From Panchtantra: Timeless Stories for Children From Ancient India,199,-33%
The Power of Your Subconscious Mind: Original Edition | Premium Paperback,149,-46%
Coloring Books Box Set: Pack of 12 Copy Color Books For Children,369,-41%
"PW CBSE | Class 10 | 15 New Pattern Sample Paper Science, Maths (Std), English & Social Science Combo Set of 4 Books for 2025 Board Exam | 50% Competency Based Questions",888,-26%
The Mountain Is You: Transforming Self-Sabotage Into Self-Mastery (English),261,-35%
Don't Believe Everything You Think (English),185,-38%
The Satvic Revolution: 7 Life-Changing Habits to Discover Peak Health and Joy,323,-35%
Atomic Habits,460.,-49%
Educart CBSE Science Class 10 Sample Papers 2024-25 (With exclusive CBSE Mock Booklets for 2025 Exam),359,-20%
My First Book of Patterns Pencil Control: Patterns Practice book for kids (Pattern Writing),129,-13%
Paisala Muchatlu Money Mantradandam (పైసల ముచ్చట్లు) By Ramprasad,349,No discount
"Story Books for Kids - Second Reader (Illustrated) (Set of 6 Books) - Phonic stories - Bedtime Stories - 3 Years to 6 Years Old - Read Aloud to Infants, Toddlers",150,-29%
"Diary of a Wimpy Kid: Hot Mess (Book 19) (Diary of a Wimpy Kid, 19)",442,-32%
All Time Favourites for Children Classic Collection of 25+ most-loved great stories by famous award-winning author (Illustrated must-read fiction short stories for kids),159,-36%
1001 Ultimate Brain Booster Activities for 4+ Years Old Kids |Enhance the Child Mind with Cognitive Excellence with Interactive Activity Book,305,-39%
Oswaal CBSE Sample Question Papers Class 10 Science Book (For 2025 Exam),316,-21%
"Moral Story Books for Kids (Illustrated) - English Short Stories with Colourful Pictures - Bedtime Children Story Book - 3 Years to 6 Years Old Children - Read Aloud to Infants, Toddlers (Set of 10 Books)",226,-35%
"PROFESSIONAL'S AIBE Exam 25 Bare Acts Set without Notes as per New Syllabus, Complete Set of 25 Books Combo as per Bar Council of India Guidelines covering Latest up to date amendments- covering New Criminal Laws & Full Syllabus Economy Edition","1,592.",No discount
My First Library: Boxset of 10 Board Books for Kids,399,-47%
The Power of Your Subconscious Mind: Original Classic Edition | Premium Paperback,149,-25%
"Educart CBSE Sample Paper Class 10 2024-25 - Science, Mathematics (Standard), Social Science & English Combo Set of 4 Books (with exclusive CBSE Mock Booklets) for 2025 Exam","1,445",-20%
Oswaal CBSE Sample Question Papers Class 10 Mathematics Standard Book (For 2025 Exam),346,-13%
"PW NTA NEET Rankers Test Series 2025 Verified & Curated by Expert Faculties | 10 Full Syllabus + 4 Part Syllabus (Class 11 & 12) | OMR Sheet, Solution Booklet with NCERT References",630,-16%
The Golden Road : How Ancient India Transformed the World,672,-33%
Rich Dad Poor Dad: What the Rich Teach Their Kids About Money That the Poor and Middle Class Do Not!,350.,-42%
THE LION INSIDE,279,-30%
Educart CBSE Social Science Class 10 Sample Papers 2024-25 (With exclusive CBSE Mock Booklets for 2025 Exam),362,-19%
"201 Brain Booster Activity Book - Fun Activities and Exercises For Children: Tracing & Pattern, Colors & Shapes, Maze",119,-20%
Magic of the Lost Temple (Over 2 Lakh Copies sold),206,-18%
"Too Good to Be True : A smart, funny will-they-won’t-they romance",299,-25%
"Courage To Be Disliked, The: How to free yourself, change your life and achieve real happiness",346,-31%
The Almanack Of Naval Ravikant: A Guide to Wealth and Happiness,257,-36%
"Little Colouring Books for Kids (Set of 10 Books) - Gift to children for painting, drawing and coloring - Alphabets, Animals, Birds, Flags, Flowers, ... Transport, Vegetables - 3 to 6 years old",199,-34%
The Alchemist,259,-35%
Shrimad Bhagwat Geeta Yatharoop (Hindi),234,-51%
"1'o Clock Revision book for Science, Maths and Social Science for Class 10th CBSE 2025 (Set of 2) | AI Images | Flowcharts | Tables | Diagrams | Maps and much more, Revise Instantly",499,-29%
"Grandpa’s Bag of Stories | An illustrated collection of timeless tales from India’s favourite storyteller, perfect for read along | Ages 8 and up",161,-36%
"Oswaal CBSE Sample Question Papers Class 10 English, Science, Social Science & Maths Standard (Set of 4 Books) (For Board Exams 2025)","1,362",-12%
"My First Mythology Tale (Illustrated) (Set of 5 Books) - Mahabharata, Krishna, Hanuman, Ganesha, Ramayana - Story Books for Kids - English Short Stories - Read Aloud to Infants, Toddlers",182,-34%
"Writing Practice Boxset: Pack of 4 Books (Writing Fun: Write And Practice Capital Letters, Small Letters, Patterns and Numbers 1 to 10)",199,-50%
Amma Diarylo Konni Pageelu,190,-5%
"The Palace of Illusions: 10th Anniversary Edition [Paperback] Banerjee Divakaruni, Chitra",319,-36%
The 5 AM Club – Own Your Morning. Elevate Your Life – Paperback – 19 December 2018,274,-31%
"Brain Activity Book for Kids - 200+ Activities for Age 3+ - Kids Activity Book - Early Learning - Activities for Children - Maths, English, Mazes, Spot the Differences, Word Search - Activity Book for 5 Year Old",119,-5%
1001 Jumbo Brain Booster Activities for 5 to 8 Years Old Kids|Enhance the Child Mind with Cognitive Excellence with Interactive Activity Book,305,-39%
"The Art of Letting Go: Move Beyond the Hurt, Find Emotional Freedom and Restore Your Inner Peace",159,-47%
Arihant i Succeed 15 Sample Question Papers for Science Class 10th | As per latest CBSE Sample Paper issued on 5 Sept. 2024 | 50% CBQs in each paper | Detailed Answers with Step Marking | Fully Solved Latest CBSE Sample Paper For Exam 2025,166,-34%
Days at the Morisaki Bookshop : The International Bestseller for lovers of Before the Coffee Gets Cold: A charming and uplifting story on the healing power of books,289,-28%
"PW Physics Med Easy 2.0 Notes | Notes, Formulas, Mnemonics, Tips & Tricks for NEET/JEE & Board Exams | Dr. Manish Raj (MR Sir) Physics Handwritten Notes",398,-24%
Nexus: FROM THE MULTI-MILLION COPY BESTSELLING AUTHOR OF SAPIENS,799,-27%
Grandma's Bag of Stories (R/J),198,-21%
Dopamine Detox : A Short Guide to Remove Distractions and Get Your Brain to Do Hard Things,199,-19%
Arihant i Succeed 15 Sample Question Papers for Mathematics (Standard) Class 10th | As per latest CBSE Sample Paper issued on 5 Sept. 2024 | 50% CBQs in each paper | Detailed Answers with Step Marking | Fully Solved Latest CBSE Sample Paper For Exam 2025,170,-32%
I Don't Love You Anymore: Moving On and Living Your Best Life | National Bestseller by Rithvik Singh | Original Edition,204,-32%
Educart CBSE Mathematics Standard Class 10 Sample Papers 2024-25 (With exclusive CBSE Mock Booklets for 2025 Exam),359,-20%
Educart CBSE Class 10 Final Revision Book 2025 - Maths + Science + Social Science + English (2024-25),639,-20%
Bhagvad Gita As It Is English New Edition,305,-39%
The Psychology of Money (Tamil),239.,-26%
"The Vegetarian by Han Kang, Winner of the 2024 Nobel Prize in Literature",449,No discount
Educart Abhyaas 20 NEET UG Mock Papers 2025 - Full Syllabus & Unitwise (Introducing Ch-wise NEET Theory Maps Book),"1,182",-9%
Best of Children's Classics : Perfect Gift Set for Kids (Set of 5 Books),549,-42%
My First Complete Learning Library: Boxset of 20 Board Books Gift Set for Kids (Horizontal Design),799,-47%
Ikigai: Japanese secret to long and happy life,317.,-42%
Arihant i Succeed 15 Sample Question Papers for Social Science Class 10th | As per latest CBSE Sample Paper issued on 5 Sept. 2024 | 50% CBQs in each paper | Detailed Answers with Step Marking | Fully Solved Latest CBSE Sample Paper For Exam 2025,158,-37%
"THE SILENT PATIENT [Paperback] Michaelides, Alex",254,-36%
Metamorphosis,109,-16%
The Kid Who Came From Space,259,-35%
Meditations,139,-30%
Sapiens: A Brief History of Humankind: The multi-million copy bestseller,409,-49%
Indian Polity for UPSC (English) by M Laxmikanth | 7th Edition (Latest) | Civil Services Exam- Prelims and Mains 2025 | State PSCs civil services exams/PCS exams,729,-33%
"BRAIN GAMES FOR CLEVER KIDS [Paperback] Moore, Gareth",147.,-26%
NTA UGC NET '24 Paper 1 By Kvs Madaan|Teaching And Research Aptitude Net/Set/Jrf|Includes 2023 paper (3 Sets) & 23 years chapter wise solved previous year questions|Includes 2600 questions,349,-39%
"Clapjoy Velcro Book Level 1 Preschool Busy Book Toddler|Numbers,Alphabets,Animals,Colours,Fruits,16 In 1 Busy Book For Age Up To 3 Years 160+ Rounds - Multicolor",498,-9%
SSC Delhi Police Chapterwise General Awareness + Maths + Reasoning TCS PYQs Solved Papers COMBO 2025 Edition (Hindi Medium)(DP COMBO H),165,-35%
"Deep Work: Rules for Focused Success in a Distracted World [Paperback] Newport, Cal",268,-33%
Autobiography of a Yogi (Complete Original Edition),109,-39%
Dog Man
101 Pencil Control Activity Book For Kids: Tracing Practise Book Age 2+,179,-40%
Oswaal CBSE Sample Question Papers Class 10 Social Science Book (For 2025 Exam),317,-21%
PW 20 SBI Clerk Prelims & Mains Previous Year Solved Papers (2023-2012) with 5 Online Mock Tests For 2024-25 Exam | Yearwise PYQs | Fully Solved | English Edition,317,-2%
"My First 1000 Words: Early Learning Picture Book to learn Alphabet, Numbers, Shapes and Colours, Transport, Birds and Animals, Professions, Opposite Words, Action Words, Parts of the body and Objects Around Us.",206,-37%
Attitude is Everything change your attitude change your life!,157,-30%
You Only Live Once [Paperback] Changle Stuti,178,-29%
Shlokas and Mantras For Kids Illustrated Padded Board Book Learn About India's Rich Culture and Tradition In Three Languages,227,-35%
Oswaal CBSE 25 Combined Sample Question papers Class 10 Books Science Mathematics Standard Social Science English Language and Literature Hindi-A (For 2025 Exam),479,-4%
Lucent's General Knowledge 2024 || The Original Book with Hologram || 14th Edition || English Version,245,-22%
Think and Grow Rich: THE 21st CENTURY EDITION,139,-30%
Thinking Fast and Slow,488,-39%
"Educart CBSE Class 10 Most Likely Sets of Sample Papers - Science, Maths Standard, Social Science & English (with Answer Writing Sheets 2024-25)",494,-10%
"Oswaal ICSE 10 Previous Year Solved Papers Class 10 | Year-Wise 2014-2024 | Physics, Chemistry, Maths, Biology, History And Civics, Geography, Hindi, English 1 | For 2025 Board Exam [Paperback] Oswaal Editorial Board",834,-17%
Oswaal CBSE Question Bank Class 10 Science Chapterwise and Topicwise Solved Papers For Board Exams 2025,612,-12%
All In One Social Science CBSE Class 10th Based On Latest NCERT For CBSE Exams 2025 | Mind map in each chapter | Clear & Concise Theory | Intext & Chapter Exercises | Sample Question Papers,382,-27%
The Art of Laziness: Overcome Procrastination and Boost Your Productivity,195.,-35%
The Monk Who Sold His Ferrari,219,-27%
"Tuesdays With Morrie: An old man, a young man, and life's greatest lesson [Paperback] Albom, Mitch",213,-29%
